[{"model": "admin.logentry", "pk": 1, "fields": {"action_time": "2025-10-31T12:15:33.143Z", "user": 1, "content_type": 4, "object_id": "2", "object_repr": "Jessi", "action_flag": 1, "change_message": "[{\"added\": {}}]"}}, {"model": "admin.logentry", "pk": 2, "fields": {"action_time": "2025-10-31T12:15:40.597Z", "user": 1, "content_type": 7, "object_id": "1", "object_repr": "Jessi", "action_flag": 1, "change_message": "[{\"added\": {}}]"}}, {"model": "admin.logentry", "pk": 3, "fields": {"action_time": "2025-10-31T12:15:56.631Z", "user": 1, "content_type": 4, "object_id": "3", "object_repr": "Fabian", "action_flag": 1, "change_message": "[{\"added\": {}}]"}}, {"model": "admin.logentry", "pk": 4, "fields": {"action_time": "2025-10-31T12:18:03.660Z", "user": 1, "content_type": 7, "object_id": "2", "object_repr": "Fabian", "action_flag": 1, "change_message": "[{\"added\": {}}]"}}, {"model": "admin.logentry", "pk": 5, "fields": {"action_time": "2025-10-31T12:18:28.358Z", "user": 1, "content_type": 4, "object_id": "4", "object_repr": "Kim", "action_flag": 1, "change_message": "[{\"added\": {}}]"}}, {"model": "admin.logentry", "pk": 6, "fields": {"action_time": "2025-10-31T12:18:42.054Z", "user": 1, "content_type": 7, "object_id": "3", "object_repr": "Kim", "action_flag": 1, "change_message": "[{\"added\": {}}]"}}, {"model": "admin.logentry", "pk": 7, "fields": {"action_time": "2025-10-31T12:18:55.938Z", "user": 1, "content_type": 4, "object_id": "5", "object_repr": "Marcos", "action_flag": 1, "change_message": "[{\"added\": {}}]"}}, {"model": "admin.logentry", "pk": 8, "fields": {"action_time": "2025-10-31T12:19:03.497Z", "user": 1, "content_type": 7, "object_id": "4", "object_repr": "Marcos", "action_flag": 1, "change_message": "[{\"added\": {}}]"}}, {"model": "admin.logentry", "pk": 9, "fields": {"action_time": "2025-10-31T12:19:26.484Z", "user": 1, "content_type": 7, "object_id": "1", "object_repr": "Jessi", "action_flag": 2, "change_message": "[{\"changed\": {\"fields\": [\"N\\u00famero de Afiliaci\\u00f3n/C\\u00e9dula\"]}}]"}}, {"model": "admin.logentry", "pk": 10, "fields": {"action_time": "2025-10-31T12:19:39.506Z", "user": 1, "content_type": 7, "object_id": "5", "object_repr": "Victor", "action_flag": 1, "change_message": "[{\"added\": {}}]"}}, {"model": "auth.user", "pk": 1, "fields": {"password": "pbkdf2_sha256$1000000$go3iX3m1ZxFd5V0mK68ZCM$TOzSK+BWZiQBw+YIWUHFyimNmjNEDzQ9CHRw3RoiNNM=", "last_login": "2025-11-26T11:40:02.007Z", "is_superuser": true, "username": "Victor", "first_name": "", "last_name": "", "email": "", "is_staff": true, "is_active": true, "date_joined": "2025-10-31T12:14:11.992Z", "groups": [], "user_permissions": []}}, {"model": "auth.user", "pk": 2, "fields": {"password": "pbkdf2_sha256$1000000$aFwoZz4ZbnTKhUTT1ddxP2$TvfgnkV+xPeqUmVD0R0UrcHP+jYzL/TM/sCiCShZpHA=", "last_login": null, "is_superuser": false, "username": "Jessi", "first_name": "", "last_name": "", "email": "", "is_staff": false, "is_active": true, "date_joined": "2025-10-31T12:15:32.374Z", "groups": [], "user_permissions": []}}, {"model": "auth.user", "pk": 3, "fields": {"password": "pbkdf2_sha256$1000000$QW39dpy9bNvtaoFbwXmgkh$H0r/AuWKmcRQoobCd0DFUdWE7wRB+6BQgjruhmkrIsY=", "last_login": null, "is_superuser": false, "username": "Fabian", "first_name": "", "last_name": "", "email": "", "is_staff": false, "is_active": true, "date_joined": "2025-10-31T12:15:55.786Z", "groups": [], "user_permissions": []}}, {"model": "auth.user", "pk": 4, "fields": {"password": "pbkdf2_sha256$1000000$1K4dfjJrOKK3m3EPIOI23R$RKhsBn4+ELXelBKAkKZAI/pXmm6Oaf16vmupa9mywFU=", "last_login": null, "is_superuser": false, "username": "Kim", "first_name": "", "last_name": "", "email": "", "is_staff": false, "is_active": true, "date_joined": "2025-10-31T12:18:27.553Z", "groups": [], "user_permissions": []}}, {"model": "auth.user", "pk": 5, "fields": {"password": "pbkdf2_sha256$1000000$DeYGnJcmehCB29z4eVIPOq$R338nDq/oQtArIv69vBAilfJTOao3mXVXvgddvwV+fs=", "last_login": null, "is_superuser": false, "username": "Marcos", "first_name": "", "last_name": "", "email": "", "is_staff": false, "is_active": true, "date_joined": "2025-10-31T12:18:55.123Z", "groups": [], "user_permissions": []}}, {"model": "sessions.session", "pk": "64n8y8mi411n6xjdu6rsl20znlu7h3p5", "fields": {"session_data": ".eJxVjDsOwjAQBe_iGln-YW8o6XMGy95d4wBypDipEHeHSCmgfTPzXiKmba1x67zEicRFaHH63XLCB7cd0D212yxxbusyZbkr8qBdjjPx83q4fwc19fqtHbhgktMB2TrNYQhsiiXwyjF5QiiFeNBwdpgDo9LGg4FMBrMFW5R4fwDaCjfj:1vEo72:fjK7BUTFON8Z1XIL8MmgQoEonrOpX43fmoYlXgFS5pk", "expire_date": "2025-10-31T12:50:12.698Z"}}, {"model": "sessions.session", "pk": "t3s0fzi2b2tnkxzc5rksevlc20ctbg2v", "fields": {"session_data": ".eJxVjDsOwjAQBe_iGln-YW8o6XMGy95d4wBypDipEHeHSCmgfTPzXiKmba1x67zEicRFaHH63XLCB7cd0D212yxxbusyZbkr8qBdjjPx83q4fwc19fqtHbhgktMB2TrNYQhsiiXwyjF5QiiFeNBwdpgDo9LGg4FMBrMFW5R4fwDaCjfj:1vODsQ:CLOhZp7q5AoLzFECHu4Nov28JpZEZ6YRdv1z3chofcE", "expire_date": "2025-11-26T12:10:02.080Z"}}, {"model": "sessions.session", "pk": "xc5wvd95eb97xu061sxfg9oe4xfeuhwk", "fields": {"session_data": ".eJxVjDsOwjAQBe_iGln-YW8o6XMGy95d4wBypDipEHeHSCmgfTPzXiKmba1x67zEicRFaHH63XLCB7cd0D212yxxbusyZbkr8qBdjjPx83q4fwc19fqtHbhgktMB2TrNYQhsiiXwyjF5QiiFeNBwdpgDo9LGg4FMBrMFW5R4fwDaCjfj:1vEpMD:sMGqRsYFvt_xX2-cyYL4T8HBsFxKhvj4RI5RLWqQLS8", "expire_date": "2025-10-31T14:09:57.168Z"}}, {"model": "control_horas.perfilempleado", "pk": 1, "fields": {"user": 2, "nro_afiliacion": "5208963", "saldo_horas_comp": "00:00:00"}}, {"model": "control_horas.perfilempleado", "pk": 2, "fields": {"user": 3, "nro_afiliacion": "5121274", "saldo_horas_comp": "00:00:00"}}, {"model": "control_horas.perfilempleado", "pk": 3, "fields": {"user": 4, "nro_afiliacion": "5459953", "saldo_horas_comp": "00:00:00"}}, {"model": "control_horas.perfilempleado", "pk": 4, "fields": {"user": 5, "nro_afiliacion": "5723930", "saldo_horas_comp": "00:00:00"}}, {"model": "control_horas.perfilempleado", "pk": 5, "fields": {"user": 1, "nro_afiliacion": null, "saldo_horas_comp": "00:00:00"}}, {"model": "control_horas.registrojornada", "pk": 1, "fields": {"empleado": 3, "fecha": "2025-10-01", "entrada": "06:58:00", "salida": "17:03:00", "horas_netas": "09:33:00", "horas_extras": "00:03:00", "salida_forzada": false}}, {"model": "control_horas.registrojornada", "pk": 2, "fields": {"empleado": 3, "fecha": "2025-10-03", "entrada": "12:35:00", "salida": "17:04:00", "horas_netas": "03:59:00", "horas_extras": "-1 18:29:00", "salida_forzada": false}}, {"model": "control_horas.registrojornada", "pk": 3, "fields": {"empleado": 3, "fecha": "2025-10-06", "entrada": "06:59:00", "salida": "17:07:00", "horas_netas": "09:37:00", "horas_extras": "00:07:00", "salida_forzada": false}}, {"model": "control_horas.registrojornada", "pk": 4, "fields": {"empleado": 3, "fecha": "2025-10-07", "entrada": "06:58:00", "salida": "17:02:00", "horas_netas": "09:32:00", "horas_extras": "00:02:00", "salida_forzada": false}}, {"model": "control_horas.registrojornada", "pk": 5, "fields": {"empleado": 3, "fecha": "2025-10-09", "entrada": "07:00:00", "salida": "17:06:00", "horas_netas": "09:36:00", "horas_extras": "00:06:00", "salida_forzada": false}}, {"model": "control_horas.registrojornada", "pk": 6, "fields": {"empleado": 3, "fecha": "2025-10-10", "entrada": "07:00:00", "salida": "17:14:00", "horas_netas": "09:44:00", "horas_extras": "00:14:00", "salida_forzada": false}}, {"model": "control_horas.registrojornada", "pk": 7, "fields": {"empleado": 3, "fecha": "2025-10-13", "entrada": "06:58:00", "salida": "17:06:00", "horas_netas": "09:36:00", "horas_extras": "00:06:00", "salida_forzada": false}}, {"model": "control_horas.registrojornada", "pk": 8, "fields": {"empleado": 3, "fecha": "2025-10-14", "entrada": "06:59:00", "salida": "17:00:00", "horas_netas": "09:30:00", "horas_extras": "00:00:00", "salida_forzada": false}}, {"model": "control_horas.registrojornada", "pk": 9, "fields": {"empleado": 3, "fecha": "2025-10-15", "entrada": "06:59:00", "salida": "17:00:00", "horas_netas": "09:30:00", "horas_extras": "00:00:00", "salida_forzada": false}}, {"model": "control_horas.registrojornada", "pk": 10, "fields": {"empleado": 3, "fecha": "2025-10-16", "entrada": "06:59:00", "salida": "17:00:00", "horas_netas": "09:30:00", "horas_extras": "00:00:00", "salida_forzada": false}}, {"model": "control_horas.registrojornada", "pk": 11, "fields": {"empleado": 3, "fecha": "2025-10-17", "entrada": "06:59:00", "salida": "17:03:00", "horas_netas": "09:33:00", "horas_extras": "00:03:00", "salida_forzada": false}}, {"model": "control_horas.registrojornada", "pk": 12, "fields": {"empleado": 3, "fecha": "2025-10-20", "entrada": "06:59:00", "salida": "17:01:00", "horas_netas": "09:31:00", "horas_extras": "00:01:00", "salida_forzada": false}}, {"model": "control_horas.registrojornada", "pk": 13, "fields": {"empleado": 3, "fecha": "2025-10-21", "entrada": "06:59:00", "salida": "17:00:00", "horas_netas": "09:30:00", "horas_extras": "00:00:00", "salida_forzada": false}}, {"model": "control_horas.registrojornada", "pk": 14, "fields": {"empleado": 3, "fecha": "2025-10-22", "entrada": "07:00:00", "salida": "17:18:00", "horas_netas": "09:48:00", "horas_extras": "00:18:00", "salida_forzada": false}}, {"model": "control_horas.registrojornada", "pk": 15, "fields": {"empleado": 3, "fecha": "2025-10-23", "entrada": "06:59:00", "salida": "17:06:00", "horas_netas": "09:36:00", "horas_extras": "00:06:00", "salida_forzada": false}}, {"model": "control_horas.registrojornada", "pk": 16, "fields": {"empleado": 3, "fecha": "2025-10-24", "entrada": "06:37:00", "salida": "17:00:00", "horas_netas": "09:30:00", "horas_extras": "00:00:00", "salida_forzada": false}}, {"model": "control_horas.registrojornada", "pk": 17, "fields": {"empleado": 3, "fecha": "2025-10-27", "entrada": "06:58:00", "salida": "17:01:00", "horas_netas": "09:31:00", "horas_extras": "00:01:00", "salida_forzada": false}}, {"model": "control_horas.registrojornada", "pk": 18, "fields": {"empleado": 3, "fecha": "2025-10-28", "entrada": "06:59:00", "salida": "17:09:00", "horas_netas": "09:39:00", "horas_extras": "00:09:00", "salida_forzada": false}}, {"model": "control_horas.registrojornada", "pk": 19, "fields": {"empleado": 3, "fecha": "2025-10-29", "entrada": "06:58:00", "salida": "17:01:00", "horas_netas": "09:31:00", "horas_extras": "00:01:00", "salida_forzada": false}}, {"model": "control_horas.registrojornada", "pk": 20, "fields": {"empleado": 3, "fecha": "2025-10-30", "entrada": "06:56:00", "salida": "17:05:00", "horas_netas": "09:35:00", "horas_extras": "00:05:00", "salida_forzada": false}}, {"model": "control_horas.registrojornada", "pk": 21, "fields": {"empleado": 2, "fecha": "2025-10-01", "entrada": "06:48:00", "salida": "17:08:00", "horas_netas": "09:38:00", "horas_extras": "00:08:00", "salida_forzada": false}}, {"model": "control_horas.registrojornada", "pk": 22, "fields": {"empleado": 2, "fecha": "2025-10-02", "entrada": "06:43:00", "salida": "17:09:00", "horas_netas": "09:39:00", "horas_extras": "00:09:00", "salida_forzada": false}}, {"model": "control_horas.registrojornada", "pk": 23, "fields": {"empleado": 2, "fecha": "2025-10-03", "entrada": "06:56:00", "salida": "17:10:00", "horas_netas": "09:40:00", "horas_extras": "00:10:00", "salida_forzada": false}}, {"model": "control_horas.registrojornada", "pk": 24, "fields": {"empleado": 2, "fecha": "2025-10-06", "entrada": "12:14:00", "salida": "17:20:00", "horas_netas": "04:36:00", "horas_extras": "-1 19:06:00", "salida_forzada": false}}, {"model": "control_horas.registrojornada", "pk": 25, "fields": {"empleado": 2, "fecha": "2025-10-07", "entrada": "06:44:00", "salida": "17:13:00", "horas_netas": "09:43:00", "horas_extras": "00:13:00", "salida_forzada": false}}, {"model": "control_horas.registrojornada", "pk": 26, "fields": {"empleado": 2, "fecha": "2025-10-08", "entrada": "06:41:00", "salida": "17:06:00", "horas_netas": "09:36:00", "horas_extras": "00:06:00", "salida_forzada": false}}, {"model": "control_horas.registrojornada", "pk": 27, "fields": {"empleado": 2, "fecha": "2025-10-09", "entrada": "06:42:00", "salida": "17:06:00", "horas_netas": "09:36:00", "horas_extras": "00:06:00", "salida_forzada": false}}, {"model": "control_horas.registrojornada", "pk": 28, "fields": {"empleado": 2, "fecha": "2025-10-10", "entrada": "06:51:00", "salida": "17:14:00", "horas_netas": "09:44:00", "horas_extras": "00:14:00", "salida_forzada": false}}, {"model": "control_horas.registrojornada", "pk": 29, "fields": {"empleado": 2, "fecha": "2025-10-13", "entrada": "06:43:00", "salida": "17:10:00", "horas_netas": "09:40:00", "horas_extras": "00:10:00", "salida_forzada": false}}, {"model": "control_horas.registrojornada", "pk": 30, "fields": {"empleado": 2, "fecha": "2025-10-14", "entrada": "06:44:00", "salida": "17:00:00", "horas_netas": "09:30:00", "horas_extras": "00:00:00", "salida_forzada": false}}, {"model": "control_horas.registrojornada", "pk": 31, "fields": {"empleado": 2, "fecha": "2025-10-15", "entrada": "06:49:00", "salida": "17:06:00", "horas_netas": "09:36:00", "horas_extras": "00:06:00", "salida_forzada": false}}, {"model": "control_horas.registrojornada", "pk": 32, "fields": {"empleado": 2, "fecha": "2025-10-16", "entrada": "06:43:00", "salida": "17:06:00", "horas_netas": "09:36:00", "horas_extras": "00:06:00", "salida_forzada": false}}, {"model": "control_horas.registrojornada", "pk": 33, "fields": {"empleado": 2, "fecha": "2025-10-17", "entrada": "06:52:00", "salida": "17:06:00", "horas_netas": "09:36:00", "horas_extras": "00:06:00", "salida_forzada": false}}, {"model": "control_horas.registrojornada", "pk": 34, "fields": {"empleado": 2, "fecha": "2025-10-20", "entrada": "06:42:00", "salida": "17:06:00", "horas_netas": "09:36:00", "horas_extras": "00:06:00", "salida_forzada": false}}, {"model": "control_horas.registrojornada", "pk": 35, "fields": {"empleado": 2, "fecha": "2025-10-21", "entrada": "06:41:00", "salida": "17:03:00", "horas_netas": "09:33:00", "horas_extras": "00:03:00", "salida_forzada": false}}, {"model": "control_horas.registrojornada", "pk": 36, "fields": {"empleado": 2, "fecha": "2025-10-22", "entrada": "06:48:00", "salida": "17:21:00", "horas_netas": "09:51:00", "horas_extras": "00:21:00", "salida_forzada": false}}, {"model": "control_horas.registrojornada", "pk": 37, "fields": {"empleado": 2, "fecha": "2025-10-23", "entrada": "06:46:00", "salida": "17:03:00", "horas_netas": "09:33:00", "horas_extras": "00:03:00", "salida_forzada": false}}, {"model": "control_horas.registrojornada", "pk": 38, "fields": {"empleado": 2, "fecha": "2025-10-24", "entrada": "06:43:00", "salida": "17:00:00", "horas_netas": "09:30:00", "horas_extras": "00:00:00", "salida_forzada": false}}, {"model": "control_horas.registrojornada", "pk": 39, "fields": {"empleado": 2, "fecha": "2025-10-28", "entrada": "06:40:00", "salida": "17:05:00", "horas_netas": "09:35:00", "horas_extras": "00:05:00", "salida_forzada": false}}, {"model": "control_horas.registrojornada", "pk": 40, "fields": {"empleado": 2, "fecha": "2025-10-29", "entrada": "06:47:00", "salida": "17:01:00", "horas_netas": "09:31:00", "horas_extras": "00:01:00", "salida_forzada": false}}, {"model": "control_horas.registrojornada", "pk": 41, "fields": {"empleado": 2, "fecha": "2025-10-30", "entrada": "06:48:00", "salida": "17:05:00", "horas_netas": "09:35:00", "horas_extras": "00:05:00", "salida_forzada": false}}, {"model": "control_horas.registrojornada", "pk": 42, "fields": {"empleado": 4, "fecha": "2025-10-01", "entrada": "07:00:00", "salida": "17:42:00", "horas_netas": "10:12:00", "horas_extras": "00:42:00", "salida_forzada": false}}, {"model": "control_horas.registrojornada", "pk": 43, "fields": {"empleado": 4, "fecha": "2025-10-02", "entrada": "06:59:00", "salida": "17:16:00", "horas_netas": "09:46:00", "horas_extras": "00:16:00", "salida_forzada": false}}, {"model": "control_horas.registrojornada", "pk": 44, "fields": {"empleado": 4, "fecha": "2025-10-03", "entrada": "06:59:00", "salida": "17:00:00", "horas_netas": "09:30:00", "horas_extras": "00:00:00", "salida_forzada": false}}, {"model": "control_horas.registrojornada", "pk": 45, "fields": {"empleado": 4, "fecha": "2025-10-06", "entrada": "06:59:00", "salida": "17:08:00", "horas_netas": "09:38:00", "horas_extras": "00:08:00", "salida_forzada": false}}, {"model": "control_horas.registrojornada", "pk": 46, "fields": {"empleado": 4, "fecha": "2025-10-07", "entrada": "07:00:00", "salida": "17:13:00", "horas_netas": "09:43:00", "horas_extras": "00:13:00", "salida_forzada": false}}, {"model": "control_horas.registrojornada", "pk": 47, "fields": {"empleado": 4, "fecha": "2025-10-08", "entrada": "06:59:00", "salida": "17:05:00", "horas_netas": "09:35:00", "horas_extras": "00:05:00", "salida_forzada": false}}, {"model": "control_horas.registrojornada", "pk": 48, "fields": {"empleado": 4, "fecha": "2025-10-09", "entrada": "07:00:00", "salida": "17:01:00", "horas_netas": "09:31:00", "horas_extras": "00:01:00", "salida_forzada": false}}, {"model": "control_horas.registrojornada", "pk": 49, "fields": {"empleado": 4, "fecha": "2025-10-10", "entrada": "07:00:00", "salida": "17:44:00", "horas_netas": "10:14:00", "horas_extras": "00:44:00", "salida_forzada": false}}, {"model": "control_horas.registrojornada", "pk": 50, "fields": {"empleado": 4, "fecha": "2025-10-13", "entrada": "07:00:00", "salida": "17:09:00", "horas_netas": "09:39:00", "horas_extras": "00:09:00", "salida_forzada": false}}, {"model": "control_horas.registrojornada", "pk": 51, "fields": {"empleado": 4, "fecha": "2025-10-14", "entrada": "07:00:00", "salida": "17:00:00", "horas_netas": "09:30:00", "horas_extras": "00:00:00", "salida_forzada": false}}, {"model": "control_horas.registrojornada", "pk": 52, "fields": {"empleado": 4, "fecha": "2025-10-15", "entrada": "06:59:00", "salida": "17:00:00", "horas_netas": null, "horas_extras": "00:00:00", "salida_forzada": true}}, {"model": "control_horas.registrojornada", "pk": 53, "fields": {"empleado": 4, "fecha": "2025-10-16", "entrada": "07:00:00", "salida": "17:03:00", "horas_netas": "09:33:00", "horas_extras": "00:03:00", "salida_forzada": false}}, {"model": "control_horas.registrojornada", "pk": 54, "fields": {"empleado": 4, "fecha": "2025-10-17", "entrada": "07:00:00", "salida": "12:47:00", "horas_netas": "05:17:00", "horas_extras": "-1 19:47:00", "salida_forzada": false}}, {"model": "control_horas.registrojornada", "pk": 55, "fields": {"empleado": 4, "fecha": "2025-10-20", "entrada": "07:00:00", "salida": "22:50:00", "horas_netas": "15:20:00", "horas_extras": "05:50:00", "salida_forzada": false}}, {"model": "control_horas.registrojornada", "pk": 56, "fields": {"empleado": 4, "fecha": "2025-10-21", "entrada": "06:59:00", "salida": "17:02:00", "horas_netas": "09:32:00", "horas_extras": "00:02:00", "salida_forzada": false}}, {"model": "control_horas.registrojornada", "pk": 57, "fields": {"empleado": 4, "fecha": "2025-10-22", "entrada": "07:00:00", "salida": "23:24:00", "horas_netas": "15:54:00", "horas_extras": "06:24:00", "salida_forzada": false}}, {"model": "control_horas.registrojornada", "pk": 58, "fields": {"empleado": 4, "fecha": "2025-10-23", "entrada": "07:00:00", "salida": "22:51:00", "horas_netas": "15:21:00", "horas_extras": "05:51:00", "salida_forzada": false}}, {"model": "control_horas.registrojornada", "pk": 59, "fields": {"empleado": 4, "fecha": "2025-10-24", "entrada": "06:52:00", "salida": "17:00:00", "horas_netas": null, "horas_extras": "00:00:00", "salida_forzada": true}}, {"model": "control_horas.registrojornada", "pk": 60, "fields": {"empleado": 4, "fecha": "2025-10-27", "entrada": "07:00:00", "salida": "17:01:00", "horas_netas": "09:31:00", "horas_extras": "00:01:00", "salida_forzada": false}}, {"model": "control_horas.registrojornada", "pk": 61, "fields": {"empleado": 4, "fecha": "2025-10-28", "entrada": "07:00:00", "salida": "17:06:00", "horas_netas": "09:36:00", "horas_extras": "00:06:00", "salida_forzada": false}}, {"model": "control_horas.registrojornada", "pk": 62, "fields": {"empleado": 4, "fecha": "2025-10-29", "entrada": "07:00:00", "salida": "17:03:00", "horas_netas": "09:33:00", "horas_extras": "00:03:00", "salida_forzada": false}}, {"model": "control_horas.registrojornada", "pk": 63, "fields": {"empleado": 4, "fecha": "2025-10-30", "entrada": "07:00:00", "salida": "17:09:00", "horas_netas": "09:39:00", "horas_extras": "00:09:00", "salida_forzada": false}}, {"model": "control_horas.registrojornada", "pk": 64, "fields": {"empleado": 5, "fecha": "2025-10-01", "entrada": "06:51:00", "salida": "17:10:00", "horas_netas": "09:40:00", "horas_extras": "00:10:00", "salida_forzada": false}}, {"model": "control_horas.registrojornada", "pk": 65, "fields": {"empleado": 5, "fecha": "2025-10-02", "entrada": "06:58:00", "salida": "17:12:00", "horas_netas": "09:42:00", "horas_extras": "00:12:00", "salida_forzada": false}}, {"model": "control_horas.registrojornada", "pk": 66, "fields": {"empleado": 5, "fecha": "2025-10-03", "entrada": "06:56:00", "salida": "17:04:00", "horas_netas": "09:34:00", "horas_extras": "00:04:00", "salida_forzada": false}}, {"model": "control_horas.registrojornada", "pk": 67, "fields": {"empleado": 5, "fecha": "2025-10-06", "entrada": "06:58:00", "salida": "17:21:00", "horas_netas": "09:51:00", "horas_extras": "00:21:00", "salida_forzada": false}}, {"model": "control_horas.registrojornada", "pk": 68, "fields": {"empleado": 5, "fecha": "2025-10-07", "entrada": "07:04:00", "salida": "17:10:00", "horas_netas": "09:36:00", "horas_extras": "00:06:00", "salida_forzada": false}}, {"model": "control_horas.registrojornada", "pk": 69, "fields": {"empleado": 5, "fecha": "2025-10-08", "entrada": "06:57:00", "salida": "17:05:00", "horas_netas": "09:35:00", "horas_extras": "00:05:00", "salida_forzada": false}}, {"model": "control_horas.registrojornada", "pk": 70, "fields": {"empleado": 5, "fecha": "2025-10-09", "entrada": "06:48:00", "salida": "16:54:00", "horas_netas": "09:24:00", "horas_extras": "-1 23:54:00", "salida_forzada": false}}, {"model": "control_horas.registrojornada", "pk": 71, "fields": {"empleado": 5, "fecha": "2025-10-10", "entrada": "06:52:00", "salida": "17:45:00", "horas_netas": "10:15:00", "horas_extras": "00:45:00", "salida_forzada": false}}, {"model": "control_horas.registrojornada", "pk": 72, "fields": {"empleado": 5, "fecha": "2025-10-13", "entrada": "06:57:00", "salida": "17:46:00", "horas_netas": "10:16:00", "horas_extras": "00:46:00", "salida_forzada": false}}, {"model": "control_horas.registrojornada", "pk": 73, "fields": {"empleado": 5, "fecha": "2025-10-14", "entrada": "06:54:00", "salida": "17:02:00", "horas_netas": "09:32:00", "horas_extras": "00:02:00", "salida_forzada": false}}, {"model": "control_horas.registrojornada", "pk": 74, "fields": {"empleado": 5, "fecha": "2025-10-15", "entrada": "07:05:00", "salida": "17:03:00", "horas_netas": "09:28:00", "horas_extras": "-1 23:58:00", "salida_forzada": false}}, {"model": "control_horas.registrojornada", "pk": 75, "fields": {"empleado": 5, "fecha": "2025-10-16", "entrada": "06:56:00", "salida": "17:22:00", "horas_netas": "09:52:00", "horas_extras": "00:22:00", "salida_forzada": false}}, {"model": "control_horas.registrojornada", "pk": 76, "fields": {"empleado": 5, "fecha": "2025-10-17", "entrada": "06:59:00", "salida": "19:43:00", "horas_netas": "12:13:00", "horas_extras": "02:43:00", "salida_forzada": false}}, {"model": "control_horas.registrojornada", "pk": 77, "fields": {"empleado": 5, "fecha": "2025-10-20", "entrada": "06:58:00", "salida": "17:01:00", "horas_netas": "09:31:00", "horas_extras": "00:01:00", "salida_forzada": false}}, {"model": "control_horas.registrojornada", "pk": 78, "fields": {"empleado": 5, "fecha": "2025-10-21", "entrada": "06:51:00", "salida": "17:00:00", "horas_netas": null, "horas_extras": "00:00:00", "salida_forzada": true}}, {"model": "control_horas.registrojornada", "pk": 79, "fields": {"empleado": 5, "fecha": "2025-10-22", "entrada": "06:54:00", "salida": "17:18:00", "horas_netas": "09:48:00", "horas_extras": "00:18:00", "salida_forzada": false}}, {"model": "control_horas.registrojornada", "pk": 80, "fields": {"empleado": 5, "fecha": "2025-10-23", "entrada": "06:56:00", "salida": "17:03:00", "horas_netas": "09:33:00", "horas_extras": "00:03:00", "salida_forzada": false}}, {"model": "control_horas.registrojornada", "pk": 81, "fields": {"empleado": 5, "fecha": "2025-10-24", "entrada": "06:52:00", "salida": "17:09:00", "horas_netas": "09:39:00", "horas_extras": "00:09:00", "salida_forzada": false}}, {"model": "control_horas.registrojornada", "pk": 82, "fields": {"empleado": 5, "fecha": "2025-10-27", "entrada": "07:05:00", "salida": "17:00:00", "horas_netas": null, "horas_extras": "00:00:00", "salida_forzada": true}}, {"model": "control_horas.registrojornada", "pk": 83, "fields": {"empleado": 5, "fecha": "2025-10-28", "entrada": "06:48:00", "salida": "17:05:00", "horas_netas": "09:35:00", "horas_extras": "00:05:00", "salida_forzada": false}}, {"model": "control_horas.registrojornada", "pk": 84, "fields": {"empleado": 5, "fecha": "2025-10-29", "entrada": "07:02:00", "salida": "17:04:00", "horas_netas": "09:32:00", "horas_extras": "00:02:00", "salida_forzada": false}}, {"model": "control_horas.registrojornada", "pk": 85, "fields": {"empleado": 5, "fecha": "2025-10-30", "entrada": "12:20:00", "salida": "17:06:00", "horas_netas": "04:16:00", "horas_extras": "-1 18:46:00", "salida_forzada": false}}]